{"Epoch": 16, "Batch": 400, "Train Loss": 32.71728515625, "_timestamp": 1717151749.700243, "_runtime": 3734.3462710380554, "_step": 158, "epoch": 14, "train_mae": 4.236591900898518, "train_mse": 28.638979458549542, "train_r2": 0.0009367006714455783, "test_mae": 4.2190334104261025, "test_mse": 28.49541100178477, "test_r2": 0.0009533021366223693}