{"Epoch": 45, "Batch": 400, "Train Loss": 9.158035278320312, "_timestamp": 1716970511.5770142, "_runtime": 5967.742773294449, "_step": 449, "epoch": 44, "train_mae": 2.205601205104244, "train_mse": 8.134205242186548, "train_r2": 0.003062361851334572, "test_mae": 4.266466543708594, "test_mse": 31.00065227696163, "test_r2": 0.0006873590173199773, "_wandb": {"runtime": 5994}}