{"Epoch": 45, "Batch": 400, "Train Loss": 30.6966552734375, "_timestamp": 1716645829.7395828, "_runtime": 5968.143934726715, "_step": 449, "epoch": 44, "train_mae": 4.443375591374461, "train_mse": 30.904149183121447, "train_r2": 0.0007000617333687842, "test_mae": 4.4849434968198745, "test_mse": 31.43791962404618, "test_r2": 0.0006459763390012085, "_wandb": {"runtime": 5995}}