{"Epoch": 26, "Batch": 400, "Train Loss": 25.990909576416016, "_timestamp": 1717105346.498137, "_runtime": 7431.4150269031525, "_step": 258, "epoch": 24, "train_mae": 4.268324812746345, "train_mse": 28.582132096128674, "train_r2": 0.000943262130022049, "test_mae": 4.251256185151585, "test_mse": 28.540595605532598, "test_r2": 0.0009482600726187229}