{"Epoch": 45, "Batch": 400, "Train Loss": 28.839813232421875, "_timestamp": 1717111424.3084311, "_runtime": 13509.225321054459, "_step": 449, "epoch": 44, "train_mae": 4.2343052019645535, "train_mse": 28.308771838478286, "train_r2": 0.0009706091950647533, "test_mae": 4.2330765150539085, "test_mse": 28.437429576895898, "test_r2": 0.0009589721448719501, "_wandb": {"runtime": 13552}}