{"Epoch": 23, "Batch": 200, "Train Loss": 32.10459899902344, "_timestamp": 1717104408.1221402, "_runtime": 6493.039030075073, "_step": 224, "epoch": 21, "train_mae": 4.258673832488045, "train_mse": 28.639497831732598, "train_r2": 0.0009359418763779104, "test_mae": 4.237850222270312, "test_mse": 28.566488448195866, "test_r2": 0.0009460799628868699}