{"Epoch": 45, "Batch": 400, "Train Loss": 32.1153564453125, "_timestamp": 1716632500.7433994, "_runtime": 8024.38760137558, "_step": 449, "epoch": 44, "train_mae": 4.33628631465913, "train_mse": 29.502828897054528, "train_r2": 0.0008463127305731177, "test_mae": 4.3659490438310575, "test_mse": 30.059630647761463, "test_r2": 0.00079193408600986, "_wandb": {"runtime": 8051}}