{"Epoch": 45, "Batch": 400, "Train Loss": 28.94953155517578, "_timestamp": 1716928337.0484252, "_runtime": 5963.442768096924, "_step": 449, "epoch": 44, "train_mae": 4.0944957402701, "train_mse": 26.668646053655866, "train_r2": 0.001140386564657092, "test_mae": 4.241251232550295, "test_mse": 28.700669774114758, "test_r2": 0.0009316711802966893, "_wandb": {"runtime": 5990}}