{"Epoch": 45, "Batch": 400, "Train Loss": 30.174842834472656, "_timestamp": 1716724654.9958055, "_runtime": 8046.130616426468, "_step": 449, "epoch": 44, "train_mae": 4.25177283353835, "train_mse": 28.64306078304179, "train_r2": 0.000936102238483727, "test_mae": 4.307043606514856, "test_mse": 29.322146571736717, "test_r2": 0.000867515685968101, "_wandb": {"runtime": 8073}}