{"Epoch": 45, "Batch": 400, "Train Loss": 19.525196075439453, "_timestamp": 1716979105.4741416, "_runtime": 6003.8055555820465, "_step": 449, "epoch": 44, "train_mae": 3.345344952703728, "train_mse": 18.556784748678904, "train_r2": 0.001980298198759556, "test_mae": 4.171868506774451, "test_mse": 29.053658993629018, "test_r2": 0.0008913726196624339, "_wandb": {"runtime": 6031}}