{"Epoch": 1, "Batch": 0, "Train Loss": 147.47445678710938, "_timestamp": 1716668732.716635, "_runtime": 19.23305106163025, "_step": 0, "_wandb": {"runtime": 27}}