{"Epoch": 45, "Batch": 400, "Train Loss": 32.11531448364258, "_timestamp": 1716589857.5845258, "_runtime": 12761.058492898941, "_step": 449, "epoch": 44, "train_mae": 4.382195222615176, "train_mse": 30.214459182165985, "train_r2": 0.0007719265413470566, "test_mae": 4.400276212058489, "test_mse": 30.528617390537235, "test_r2": 0.0007421047776006162, "_wandb": {"runtime": 12800}}