{"Epoch": 45, "Batch": 400, "Train Loss": 30.50849723815918, "_timestamp": 1716841593.3878522, "_runtime": 8036.405331134796, "_step": 449, "epoch": 44, "train_mae": 4.223213992095468, "train_mse": 28.35266486637138, "train_r2": 0.0009660512441769242, "test_mae": 4.2722452762319, "test_mse": 29.06203303143563, "test_r2": 0.0008945264271460474, "_wandb": {"runtime": 8063}}