{"Epoch": 45, "Batch": 400, "Train Loss": 30.38100814819336, "_timestamp": 1717002440.056894, "_runtime": 6007.572530031204, "_step": 449, "epoch": 44, "train_mae": 4.243781807739751, "train_mse": 28.499524419558696, "train_r2": 0.0009505521156825125, "test_mae": 4.286826733240114, "test_mse": 29.114888246170686, "test_r2": 0.0008886010618880391, "_wandb": {"runtime": 6034}}