{"Epoch": 1, "Batch": 200, "Train Loss": 38.90026092529297, "_timestamp": 1716980105.1052034, "_runtime": 63.07146430015564, "_step": 4, "_wandb": {"runtime": 73}}