{"Epoch": 1, "Batch": 400, "Train Loss": 30.30615997314453, "_timestamp": 1716843449.5005586, "_runtime": 66.1319375038147, "_step": 8, "_wandb": {"runtime": 78}}