{"Epoch": 45, "Batch": 450, "Train Loss": 27.182300567626953, "_timestamp": 1716603297.4362178, "_runtime": 12554.845302820206, "_step": 494, "epoch": 44, "train_mae": 3.8997291183571483, "train_mse": 25.207190799243907, "train_r2": 0.0007461744244210422, "test_mae": 4.3185642692866795, "test_mse": 30.9823912926831, "test_r2": -Infinity, "_wandb": {"runtime": 12580}}