{"Epoch": 45, "Batch": 400, "Train Loss": 29.24999237060547, "_timestamp": 1716664655.116696, "_runtime": 17831.131671905518, "_step": 449, "epoch": 44, "train_mae": 4.42542557120924, "train_mse": 30.545717461847545, "train_r2": 0.0007393194828182459, "test_mae": 4.445146350333161, "test_mse": 30.867515693967402, "test_r2": 0.0007066045072861016, "_wandb": {"runtime": 17884}}