{"Epoch": 45, "Batch": 400, "Train Loss": 29.53116798400879, "_timestamp": 1716639521.4480195, "_runtime": 6508.811460494995, "_step": 449, "epoch": 44, "train_mae": 4.441002254411839, "train_mse": 30.7859568969262, "train_r2": 0.0007143280236050487, "test_mae": 4.460565074054795, "test_mse": 31.135057132029406, "test_r2": 0.0006788623868487775, "_wandb": {"runtime": 6535}}