{"Epoch": 1, "Batch": 400, "Train Loss": 2.9708633422851562, "_timestamp": 1717137909.469981, "_runtime": 198.7884509563446, "_step": 9, "epoch": 0, "train_mae": 5.577476978302002, "train_mse": 58.140174865722656, "test_mae": 5.583627223968506, "test_mse": 58.206871032714844, "_wandb": {"runtime": 198}}