{"Epoch": 45, "Batch": 400, "Train Loss": 30.634159088134766, "_timestamp": 1716849519.3596058, "_runtime": 5993.796896696091, "_step": 449, "epoch": 44, "train_mae": 4.252562697246218, "train_mse": 28.531311344463195, "train_r2": 0.0009472192614339292, "test_mae": 4.295669613589056, "test_mse": 29.1499143196845, "test_r2": 0.0008847778080962598, "_wandb": {"runtime": 6020}}