{"Epoch": 45, "Batch": 400, "Train Loss": 30.369029998779297, "_timestamp": 1716891898.21715, "_runtime": 5955.447834014893, "_step": 449, "epoch": 44, "train_mae": 4.242352384871795, "train_mse": 28.49217595050785, "train_r2": 0.0009513072436675429, "test_mae": 4.2860531499726795, "test_mse": 29.114910487202945, "test_r2": 0.0008885962888598442, "_wandb": {"runtime": 5982}}