{"Epoch": 16, "Batch": 350, "Train Loss": 10.291510581970215, "_timestamp": 1716833471.1116598, "_runtime": 3371.6857867240906, "_step": 157, "epoch": 14, "train_mae": 2.5616423392309926, "train_mse": 11.065146743801725, "train_r2": 0.0027576149441301823, "test_mae": 3.4593824792728998, "test_mse": 21.16993762939964, "test_r2": 0.0017070902977138758, "_wandb": {"runtime": 3374}}