{"Epoch": 1, "Batch": 0, "Train Loss": 27.424781799316406, "_timestamp": 1717147992.032163, "_runtime": 19.08239197731018, "_step": 0, "_wandb": {"runtime": 26}}