{"Epoch": 6, "Batch": 0, "Train Loss": 26.558849334716797, "_timestamp": 1717097389.7356246, "_runtime": 1248.8017275333405, "_step": 50, "epoch": 4, "train_mae": 4.181933780020263, "train_mse": 28.645397520245947, "train_r2": 0.0009358585812151432, "test_mae": 4.214861613867062, "test_mse": 29.068820890881298, "test_r2": 0.0008949731127358973, "_wandb": {"runtime": 1253}}