{"Epoch": 1, "Batch": 300, "Train Loss": 30.057146072387695, "_timestamp": 1717052821.7266376, "_runtime": 53.81024765968323, "_step": 6, "_wandb": {"runtime": 54}}