{"Epoch": 45, "Batch": 400, "Train Loss": 28.783977508544922, "_timestamp": 1717058794.5759618, "_runtime": 5938.040136814117, "_step": 449, "epoch": 44, "train_mae": 4.086555409240047, "train_mse": 26.578707509628654, "train_r2": 0.0011497314553707838, "test_mae": 4.233502392186323, "test_mse": 28.613491700706085, "test_r2": 0.0009408126934431493, "_wandb": {"runtime": 5964}}