{"Epoch": 2, "Batch": 200, "Train Loss": 19.903587341308594, "_timestamp": 1716979400.1640713, "_runtime": 173.91137027740479, "_step": 14, "epoch": 0, "train_mae": 3.5343108848449405, "train_mse": 20.41782360237988, "train_r2": 0.0017854204634204507, "test_mae": 4.217039055552249, "test_mse": 29.15663469496548, "test_r2": 0.0008797658956609666, "_wandb": {"runtime": 174}}