{"Epoch": 45, "Batch": 400, "Train Loss": 27.393352508544922, "_timestamp": 1716715836.9803689, "_runtime": 8021.35170173645, "_step": 449, "epoch": 44, "train_mae": 4.25438447045496, "train_mse": 28.736217387744336, "train_r2": 0.0009254066972061992, "test_mae": 4.287400732596067, "test_mse": 29.25132583072478, "test_r2": 0.0008748113759793341, "_wandb": {"runtime": 8048}}