{"Epoch": 45, "Batch": 400, "Train Loss": 2.9624969959259033, "_timestamp": 1717146142.023341, "_runtime": 8119.910768032074, "_step": 449, "epoch": 44, "train_mae": 4.673044204711914, "train_mse": 42.20338439941406, "test_mae": 4.72412109375, "test_mse": 42.85127639770508, "_wandb": {"runtime": 8148}}