{"Epoch": 1, "Batch": 50, "Train Loss": 40.622703552246094, "_timestamp": 1716667964.2044883, "_runtime": 29.665544271469116, "_step": 1, "_wandb": {"runtime": 37}}