{"Epoch": 45, "Batch": 400, "Train Loss": 29.79484748840332, "_timestamp": 1716897968.0645769, "_runtime": 5959.973003864288, "_step": 449, "epoch": 44, "train_mae": 4.178159521273468, "train_mse": 27.7885760401874, "train_r2": 0.0010242671705782413, "test_mae": 4.257609396178429, "test_mse": 28.873564069947683, "test_r2": 0.000913771684281528, "_wandb": {"runtime": 5987}}