{"Epoch": 45, "Batch": 400, "Train Loss": 29.256919860839844, "_timestamp": 1717023853.541033, "_runtime": 5988.302812099457, "_step": 449, "epoch": 44, "train_mae": 4.13519445144442, "train_mse": 27.208510741018152, "train_r2": 0.001084511517547071, "test_mae": 4.2455249842039855, "test_mse": 28.722980474210573, "test_r2": 0.0009294435731135309, "_wandb": {"runtime": 6015}}