{"Epoch": 45, "Batch": 400, "Train Loss": 30.977005004882812, "_timestamp": 1716733446.681957, "_runtime": 8072.114557027817, "_step": 449, "epoch": 44, "train_mae": 4.1914541752582934, "train_mse": 27.662931159999925, "train_r2": 0.001037843176163733, "test_mae": 4.322865591960604, "test_mse": 29.425548513715867, "test_r2": 0.0008550804341211915, "_wandb": {"runtime": 8099}}